,o_state_name,d_state_name,n
0,Alabama,Alabama,399099
1,Alabama,Alaska,418
2,Alabama,Arizona,949
3,Alabama,Arkansas,913
4,Alabama,California,4154
5,Alabama,Colorado,2113
6,Alabama,Connecticut,307
7,Alabama,DC,1875
8,Alabama,Delaware,143
9,Alabama,Florida,11129
10,Alabama,Georgia,18778
11,Alabama,Hawaii,548
12,Alabama,Idaho,146
13,Alabama,Illinois,1574
14,Alabama,Indiana,1157
15,Alabama,Iowa,271
16,Alabama,Kansas,504
17,Alabama,Kentucky,1362
18,Alabama,Louisiana,3105
19,Alabama,Maine,106
20,Alabama,Maryland,532
21,Alabama,Massachusetts,660
22,Alabama,Michigan,1171
23,Alabama,Minnesota,389
24,Alabama,Mississippi,5120
25,Alabama,Missouri,1365
26,Alabama,Montana,180
27,Alabama,Nebraska,267
28,Alabama,Nevada,559
29,Alabama,New Hampshire,95
30,Alabama,New Jersey,300
31,Alabama,New Mexico,322
32,Alabama,New York,2396
33,Alabama,North Carolina,3848
34,Alabama,North Dakota,194
35,Alabama,Ohio,1965
36,Alabama,Oklahoma,853
37,Alabama,Oregon,530
38,Alabama,Pennsylvania,1107
39,Alabama,Rhode Island,96
40,Alabama,South Carolina,1680
41,Alabama,South Dakota,91
42,Alabama,Tennessee,11394
43,Alabama,Texas,7720
44,Alabama,Utah,443
45,Alabama,Vermont,54
46,Alabama,Virginia,2041
47,Alabama,Washington,1371
48,Alabama,West Virginia,152
49,Alabama,Wisconsin,458
50,Alabama,Wyoming,172
51,Alaska,Alabama,192
52,Alaska,Alaska,58228
53,Alaska,Arizona,1123
54,Alaska,Arkansas,214
55,Alaska,California,2535
56,Alaska,Colorado,1350
57,Alaska,Connecticut,67
58,Alaska,DC,373
59,Alaska,Delaware,32
60,Alaska,Florida,897
61,Alaska,Georgia,521
62,Alaska,Hawaii,428
63,Alaska,Idaho,650
64,Alaska,Illinois,301
65,Alaska,Indiana,189
66,Alaska,Iowa,145
67,Alaska,Kansas,193
68,Alaska,Kentucky,137
69,Alaska,Louisiana,234
70,Alaska,Maine,63
71,Alaska,Maryland,125
72,Alaska,Massachusetts,235
73,Alaska,Michigan,297
74,Alaska,Minnesota,456
75,Alaska,Mississippi,99
76,Alaska,Missouri,384
77,Alaska,Montana,551
78,Alaska,Nebraska,149
79,Alaska,Nevada,724
80,Alaska,New Hampshire,60
81,Alaska,New Jersey,73
82,Alaska,New Mexico,262
83,Alaska,New York,506
84,Alaska,North Carolina,565
85,Alaska,North Dakota,215
86,Alaska,Ohio,330
87,Alaska,Oklahoma,339
88,Alaska,Oregon,2285
89,Alaska,Pennsylvania,335
90,Alaska,Rhode Island,37
91,Alaska,South Carolina,226
92,Alaska,South Dakota,116
93,Alaska,Tennessee,416
94,Alaska,Texas,1849
95,Alaska,Utah,747
96,Alaska,Vermont,50
97,Alaska,Virginia,387
98,Alaska,Washington,4240
99,Alaska,West Virginia,44
100,Alaska,Wisconsin,272
101,Alaska,Wyoming,198
102,Arizona,Alabama,619
103,Arizona,Alaska,904
104,Arizona,Arizona,426476
105,Arizona,Arkansas,903
106,Arizona,California,23930
107,Arizona,Colorado,7940
108,Arizona,Connecticut,439
109,Arizona,DC,1971
110,Arizona,Delaware,178
111,Arizona,Florida,3591
112,Arizona,Georgia,2094
113,Arizona,Hawaii,1206
114,Arizona,Idaho,1438
115,Arizona,Illinois,3248
116,Arizona,Indiana,1314
117,Arizona,Iowa,900
118,Arizona,Kansas,1017
119,Arizona,Kentucky,662
120,Arizona,Louisiana,802
121,Arizona,Maine,164
122,Arizona,Maryland,534
123,Arizona,Massachusetts,1208
124,Arizona,Michigan,1553
125,Arizona,Minnesota,1275
126,Arizona,Mississippi,313
127,Arizona,Missouri,2151
128,Arizona,Montana,852
129,Arizona,Nebraska,854
130,Arizona,Nevada,3843
131,Arizona,New Hampshire,245
132,Arizona,New Jersey,493
133,Arizona,New Mexico,7431
134,Arizona,New York,4006
135,Arizona,North Carolina,2505
136,Arizona,North Dakota,733
137,Arizona,Ohio,2002
138,Arizona,Oklahoma,1818
139,Arizona,Oregon,4131
140,Arizona,Pennsylvania,1644
141,Arizona,Rhode Island,153
142,Arizona,South Carolina,682
143,Arizona,South Dakota,422
144,Arizona,Tennessee,1819
145,Arizona,Texas,11760
146,Arizona,Utah,5572
147,Arizona,Vermont,117
148,Arizona,Virginia,1534
149,Arizona,Washington,6514
150,Arizona,West Virginia,133
151,Arizona,Wisconsin,1254
152,Arizona,Wyoming,673
153,Arkansas,Alabama,948
154,Arkansas,Alaska,320
155,Arkansas,Arizona,916
156,Arkansas,Arkansas,255318
157,Arkansas,California,3640
158,Arkansas,Colorado,2014
159,Arkansas,Connecticut,110
160,Arkansas,DC,765
161,Arkansas,Delaware,85
162,Arkansas,Florida,2744
163,Arkansas,Georgia,1941
164,Arkansas,Hawaii,313
165,Arkansas,Idaho,180
166,Arkansas,Illinois,1726
167,Arkansas,Indiana,886
168,Arkansas,Iowa,493
169,Arkansas,Kansas,1134
170,Arkansas,Kentucky,695
171,Arkansas,Louisiana,2726
172,Arkansas,Maine,69
173,Arkansas,Maryland,216
174,Arkansas,Massachusetts,295
175,Arkansas,Michigan,669
176,Arkansas,Minnesota,494
177,Arkansas,Mississippi,1254
178,Arkansas,Missouri,8194
179,Arkansas,Montana,168
180,Arkansas,Nebraska,468
181,Arkansas,Nevada,562
182,Arkansas,New Hampshire,61
183,Arkansas,New Jersey,140
184,Arkansas,New Mexico,420
185,Arkansas,New York,1059
186,Arkansas,North Carolina,1352
187,Arkansas,North Dakota,238
188,Arkansas,Ohio,808
189,Arkansas,Oklahoma,8943
190,Arkansas,Oregon,591
191,Arkansas,Pennsylvania,581
192,Arkansas,Rhode Island,67
193,Arkansas,South Carolina,557
194,Arkansas,South Dakota,125
195,Arkansas,Tennessee,5058
196,Arkansas,Texas,13271
197,Arkansas,Utah,450
198,Arkansas,Vermont,30
199,Arkansas,Virginia,865
200,Arkansas,Washington,1146
201,Arkansas,West Virginia,128
202,Arkansas,Wisconsin,633
203,Arkansas,Wyoming,226
204,California,Alabama,3206
205,California,Alaska,3780
206,California,Arizona,44130
207,California,Arkansas,4997
208,California,California,3062484
209,California,Colorado,25064
210,California,Connecticut,2316
211,California,DC,12893
212,California,Delaware,627
213,California,Florida,16271
214,California,Georgia,12951
215,California,Hawaii,9823
216,California,Idaho,8884
217,California,Illinois,11856
218,California,Indiana,4651
219,California,Iowa,3038
220,California,Kansas,3928
221,California,Kentucky,2728
222,California,Louisiana,5270
223,California,Maine,637
224,California,Maryland,2846
225,California,Massachusetts,8318
226,California,Michigan,5032
227,California,Minnesota,4743
228,California,Mississippi,1961
229,California,Missouri,8856
230,California,Montana,4258
231,California,Nebraska,3212
232,California,Nevada,48410
233,California,New Hampshire,839
234,California,New Jersey,3136
235,California,New Mexico,5506
236,California,New York,30934
237,California,North Carolina,12532
238,California,North Dakota,2370
239,California,Ohio,6736
240,California,Oklahoma,7993
241,California,Oregon,36318
242,California,Pennsylvania,7275
243,California,Rhode Island,842
244,California,South Carolina,3248
245,California,South Dakota,1298
246,California,Tennessee,9088
247,California,Texas,57066
248,California,Utah,19296
249,California,Vermont,530
250,California,Virginia,7980
251,California,Washington,40425
252,California,West Virginia,497
253,California,Wisconsin,3799
254,California,Wyoming,2222
255,Colorado,Alabama,798
256,Colorado,Alaska,1069
257,Colorado,Arizona,5871
258,Colorado,Arkansas,828
259,Colorado,California,15861
260,Colorado,Colorado,357252
261,Colorado,Connecticut,444
262,Colorado,DC,2511
263,Colorado,Delaware,146
264,Colorado,Florida,4935
265,Colorado,Georgia,2308
266,Colorado,Hawaii,1170
267,Colorado,Idaho,1150
268,Colorado,Illinois,2866
269,Colorado,Indiana,1088
270,Colorado,Iowa,1120
271,Colorado,Kansas,2384
272,Colorado,Kentucky,582
273,Colorado,Louisiana,1047
274,Colorado,Maine,178
275,Colorado,Maryland,627
276,Colorado,Massachusetts,1400
277,Colorado,Michigan,1210
278,Colorado,Minnesota,1645
279,Colorado,Mississippi,402
280,Colorado,Missouri,2786
281,Colorado,Montana,1529
282,Colorado,Nebraska,2665
283,Colorado,Nevada,2359
284,Colorado,New Hampshire,223
285,Colorado,New Jersey,539
286,Colorado,New Mexico,3554
287,Colorado,New York,4316
288,Colorado,North Carolina,2554
289,Colorado,North Dakota,947
290,Colorado,Ohio,1504
291,Colorado,Oklahoma,2498
292,Colorado,Oregon,3176
293,Colorado,Pennsylvania,1594
294,Colorado,Rhode Island,175
295,Colorado,South Carolina,847
296,Colorado,South Dakota,790
297,Colorado,Tennessee,1874
298,Colorado,Texas,12620
299,Colorado,Utah,4399
300,Colorado,Vermont,171
301,Colorado,Virginia,1691
302,Colorado,Washington,5536
303,Colorado,West Virginia,155
304,Colorado,Wisconsin,1088
305,Colorado,Wyoming,3300
306,Connecticut,Alabama,428
307,Connecticut,Alaska,203
308,Connecticut,Arizona,1306
309,Connecticut,Arkansas,167
310,Connecticut,California,8795
311,Connecticut,Colorado,2887
312,Connecticut,Connecticut,260479
313,Connecticut,DC,4768
314,Connecticut,Delaware,345
315,Connecticut,Florida,9900
316,Connecticut,Georgia,2705
317,Connecticut,Hawaii,515
318,Connecticut,Idaho,124
319,Connecticut,Illinois,1928
320,Connecticut,Indiana,507
321,Connecticut,Iowa,178
322,Connecticut,Kansas,190
323,Connecticut,Kentucky,329
324,Connecticut,Louisiana,580
325,Connecticut,Maine,1246
326,Connecticut,Maryland,1232
327,Connecticut,Massachusetts,17363
328,Connecticut,Michigan,620
329,Connecticut,Minnesota,389
330,Connecticut,Mississippi,149
331,Connecticut,Missouri,512
332,Connecticut,Montana,219
333,Connecticut,Nebraska,142
334,Connecticut,Nevada,483
335,Connecticut,New Hampshire,1887
336,Connecticut,New Jersey,2364
337,Connecticut,New Mexico,252
338,Connecticut,New York,21485
339,Connecticut,North Carolina,4754
340,Connecticut,North Dakota,81
341,Connecticut,Ohio,1180
342,Connecticut,Oklahoma,350
343,Connecticut,Oregon,818
344,Connecticut,Pennsylvania,4307
345,Connecticut,Rhode Island,3097
346,Connecticut,South Carolina,1905
347,Connecticut,South Dakota,73
348,Connecticut,Tennessee,1192
349,Connecticut,Texas,3570
350,Connecticut,Utah,560
351,Connecticut,Vermont,1538
352,Connecticut,Virginia,2185
353,Connecticut,Washington,1526
354,Connecticut,West Virginia,123
355,Connecticut,Wisconsin,461
356,Connecticut,Wyoming,158
357,DC,Alabama,1022
358,DC,Alaska,325
359,DC,Arizona,1727
360,DC,Arkansas,340
361,DC,California,13223
362,DC,Colorado,3793
363,DC,Connecticut,910
364,DC,DC,328758
365,DC,Delaware,1718
366,DC,Florida,9304
367,DC,Georgia,5430
368,DC,Hawaii,830
369,DC,Idaho,256
370,DC,Illinois,2710
371,DC,Indiana,891
372,DC,Iowa,286
373,DC,Kansas,370
374,DC,Kentucky,782
375,DC,Louisiana,1200
376,DC,Maine,269
377,DC,Maryland,18732
378,DC,Massachusetts,3228
379,DC,Michigan,1101
380,DC,Minnesota,569
381,DC,Mississippi,364
382,DC,Missouri,1112
383,DC,Montana,281
384,DC,Nebraska,301
385,DC,Nevada,820
386,DC,New Hampshire,302
387,DC,New Jersey,1635
388,DC,New Mexico,468
389,DC,New York,12579
390,DC,North Carolina,10259
391,DC,North Dakota,167
392,DC,Ohio,2202
393,DC,Oklahoma,611
394,DC,Oregon,1096
395,DC,Pennsylvania,11594
396,DC,Rhode Island,351
397,DC,South Carolina,3068
398,DC,South Dakota,108
399,DC,Tennessee,2479
400,DC,Texas,6925
401,DC,Utah,1122
402,DC,Vermont,307
403,DC,Virginia,22868
404,DC,Washington,2670
405,DC,West Virginia,760
406,DC,Wisconsin,652
407,DC,Wyoming,175
408,Delaware,Alabama,179
409,Delaware,Alaska,65
410,Delaware,Arizona,347
411,Delaware,Arkansas,73
412,Delaware,California,1523
413,Delaware,Colorado,493
414,Delaware,Connecticut,217
415,Delaware,DC,2518
416,Delaware,Delaware,86433
417,Delaware,Florida,2510
418,Delaware,Georgia,1183
419,Delaware,Hawaii,171
420,Delaware,Idaho,38
421,Delaware,Illinois,382
422,Delaware,Indiana,201
423,Delaware,Iowa,79
424,Delaware,Kansas,110
425,Delaware,Kentucky,174
426,Delaware,Louisiana,176
427,Delaware,Maine,78
428,Delaware,Maryland,4093
429,Delaware,Massachusetts,562
430,Delaware,Michigan,189
431,Delaware,Minnesota,113
432,Delaware,Mississippi,66
433,Delaware,Missouri,244
434,Delaware,Montana,49
435,Delaware,Nebraska,57
436,Delaware,Nevada,157
437,Delaware,New Hampshire,81
438,Delaware,New Jersey,655
439,Delaware,New Mexico,79
440,Delaware,New York,1952
441,Delaware,North Carolina,1818
442,Delaware,North Dakota,54
443,Delaware,Ohio,435
444,Delaware,Oklahoma,126
445,Delaware,Oregon,176
446,Delaware,Pennsylvania,6468
447,Delaware,Rhode Island,90
448,Delaware,South Carolina,596
449,Delaware,South Dakota,48
450,Delaware,Tennessee,507
451,Delaware,Texas,1247
452,Delaware,Utah,160
453,Delaware,Vermont,75
454,Delaware,Virginia,1704
455,Delaware,Washington,334
456,Delaware,West Virginia,167
457,Delaware,Wisconsin,107
458,Delaware,Wyoming,44
459,Florida,Alabama,10950
460,Florida,Alaska,1721
461,Florida,Arizona,4640
462,Florida,Arkansas,2301
463,Florida,California,25935
464,Florida,Colorado,11641
465,Florida,Connecticut,3633
466,Florida,DC,11860
467,Florida,Delaware,1035
468,Florida,Florida,1297203
469,Florida,Georgia,40860
470,Florida,Hawaii,2559
471,Florida,Idaho,728
472,Florida,Illinois,9636
473,Florida,Indiana,5453
474,Florida,Iowa,1411
475,Florida,Kansas,1795
476,Florida,Kentucky,4923
477,Florida,Louisiana,5332
478,Florida,Maine,1097
479,Florida,Maryland,3218
480,Florida,Massachusetts,8250
481,Florida,Michigan,5459
482,Florida,Minnesota,2304
483,Florida,Mississippi,3018
484,Florida,Missouri,5032
485,Florida,Montana,848
486,Florida,Nebraska,1187
487,Florida,Nevada,3280
488,Florida,New Hampshire,1436
489,Florida,New Jersey,5934
490,Florida,New Mexico,1469
491,Florida,New York,31959
492,Florida,North Carolina,23425
493,Florida,North Dakota,1024
494,Florida,Ohio,9776
495,Florida,Oklahoma,2932
496,Florida,Oregon,3158
497,Florida,Pennsylvania,11994
498,Florida,Rhode Island,1845
499,Florida,South Carolina,8614
500,Florida,South Dakota,602
501,Florida,Tennessee,15739
502,Florida,Texas,27141
503,Florida,Utah,2122
504,Florida,Vermont,714
505,Florida,Virginia,10341
506,Florida,Washington,7556
507,Florida,West Virginia,1259
508,Florida,Wisconsin,2735
509,Florida,Wyoming,747
510,Georgia,Alabama,17196
511,Georgia,Alaska,966
512,Georgia,Arizona,2509
513,Georgia,Arkansas,1397
514,Georgia,California,13233
515,Georgia,Colorado,5508
516,Georgia,Connecticut,1055
517,Georgia,DC,6627
518,Georgia,Delaware,538
519,Georgia,Florida,30687
520,Georgia,Georgia,809402
521,Georgia,Hawaii,1398
522,Georgia,Idaho,406
523,Georgia,Illinois,4393
524,Georgia,Indiana,2429
525,Georgia,Iowa,667
526,Georgia,Kansas,1156
527,Georgia,Kentucky,2898
528,Georgia,Louisiana,4593
529,Georgia,Maine,289
530,Georgia,Maryland,1760
531,Georgia,Massachusetts,2353
532,Georgia,Michigan,2509
533,Georgia,Minnesota,1161
534,Georgia,Mississippi,2593
535,Georgia,Missouri,2747
536,Georgia,Montana,476
537,Georgia,Nebraska,630
538,Georgia,Nevada,1434
539,Georgia,New Hampshire,324
540,Georgia,New Jersey,1834
541,Georgia,New Mexico,800
542,Georgia,New York,10491
543,Georgia,North Carolina,16181
544,Georgia,North Dakota,575
545,Georgia,Ohio,4618
546,Georgia,Oklahoma,1764
547,Georgia,Oregon,1389
548,Georgia,Pennsylvania,4226
549,Georgia,Rhode Island,388
550,Georgia,South Carolina,14393
551,Georgia,South Dakota,286
552,Georgia,Tennessee,13974
553,Georgia,Texas,15543
554,Georgia,Utah,1470
555,Georgia,Vermont,203
556,Georgia,Virginia,6464
557,Georgia,Washington,3827
558,Georgia,West Virginia,453
559,Georgia,Wisconsin,1208
560,Georgia,Wyoming,393
561,Hawaii,Alabama,209
562,Hawaii,Alaska,690
563,Hawaii,Arizona,1133
564,Hawaii,Arkansas,110
565,Hawaii,California,8530
566,Hawaii,Colorado,1250
567,Hawaii,Connecticut,94
568,Hawaii,DC,656
569,Hawaii,Delaware,33
570,Hawaii,Florida,1141
571,Hawaii,Georgia,652
572,Hawaii,Hawaii,84891
573,Hawaii,Idaho,227
574,Hawaii,Illinois,403
575,Hawaii,Indiana,206
576,Hawaii,Iowa,93
577,Hawaii,Kansas,154
578,Hawaii,Kentucky,118
579,Hawaii,Louisiana,187
580,Hawaii,Maine,44
581,Hawaii,Maryland,178
582,Hawaii,Massachusetts,358
583,Hawaii,Michigan,219
584,Hawaii,Minnesota,180
585,Hawaii,Mississippi,88
586,Hawaii,Missouri,370
587,Hawaii,Montana,127
588,Hawaii,Nebraska,178
589,Hawaii,Nevada,3192
590,Hawaii,New Hampshire,37
591,Hawaii,New Jersey,122
592,Hawaii,New Mexico,203
593,Hawaii,New York,1076
594,Hawaii,North Carolina,673
595,Hawaii,North Dakota,92
596,Hawaii,Ohio,318
597,Hawaii,Oklahoma,267
598,Hawaii,Oregon,2294
599,Hawaii,Pennsylvania,310
600,Hawaii,Rhode Island,52
601,Hawaii,South Carolina,204
602,Hawaii,South Dakota,51
603,Hawaii,Tennessee,367
604,Hawaii,Texas,2207
605,Hawaii,Utah,1106
606,Hawaii,Vermont,29
607,Hawaii,Virginia,543
608,Hawaii,Washington,3699
609,Hawaii,West Virginia,19
610,Hawaii,Wisconsin,178
611,Hawaii,Wyoming,89
612,Idaho,Alabama,144
613,Idaho,Alaska,534
614,Idaho,Arizona,1770
615,Idaho,Arkansas,178
616,Idaho,California,4262
617,Idaho,Colorado,1707
618,Idaho,Connecticut,88
619,Idaho,DC,442
620,Idaho,Delaware,23
621,Idaho,Florida,783
622,Idaho,Georgia,386
623,Idaho,Hawaii,316
624,Idaho,Idaho,95296
625,Idaho,Illinois,409
626,Idaho,Indiana,218
627,Idaho,Iowa,206
628,Idaho,Kansas,226
629,Idaho,Kentucky,113
630,Idaho,Louisiana,163
631,Idaho,Maine,42
632,Idaho,Maryland,119
633,Idaho,Massachusetts,264
634,Idaho,Michigan,263
635,Idaho,Minnesota,341
636,Idaho,Mississippi,71
637,Idaho,Missouri,422
638,Idaho,Montana,1308
639,Idaho,Nebraska,293
640,Idaho,Nevada,1318
641,Idaho,New Hampshire,44
642,Idaho,New Jersey,49
643,Idaho,New Mexico,306
644,Idaho,New York,577
645,Idaho,North Carolina,516
646,Idaho,North Dakota,540
647,Idaho,Ohio,336
648,Idaho,Oklahoma,354
649,Idaho,Oregon,4149
650,Idaho,Pennsylvania,341
651,Idaho,Rhode Island,32
652,Idaho,South Carolina,187
653,Idaho,South Dakota,130
654,Idaho,Tennessee,362
655,Idaho,Texas,2021
656,Idaho,Utah,7592
657,Idaho,Vermont,31
658,Idaho,Virginia,426
659,Idaho,Washington,7355
660,Idaho,West Virginia,30
661,Idaho,Wisconsin,191
662,Idaho,Wyoming,910
663,Illinois,Alabama,2431
664,Illinois,Alaska,867
665,Illinois,Arizona,10391
666,Illinois,Arkansas,2607
667,Illinois,California,24983
668,Illinois,Colorado,13194
669,Illinois,Connecticut,1022
670,Illinois,DC,5964
671,Illinois,Delaware,303
672,Illinois,Florida,17050
673,Illinois,Georgia,9025
674,Illinois,Hawaii,1388
675,Illinois,Idaho,564
676,Illinois,Illinois,1042374
677,Illinois,Indiana,26824
678,Illinois,Iowa,13423
679,Illinois,Kansas,1768
680,Illinois,Kentucky,4608
681,Illinois,Louisiana,2289
682,Illinois,Maine,253
683,Illinois,Maryland,1334
684,Illinois,Massachusetts,3239
685,Illinois,Michigan,7437
686,Illinois,Minnesota,8478
687,Illinois,Mississippi,2151
688,Illinois,Missouri,25175
689,Illinois,Montana,900
690,Illinois,Nebraska,1892
691,Illinois,Nevada,3629
692,Illinois,New Hampshire,346
693,Illinois,New Jersey,1480
694,Illinois,New Mexico,1130
695,Illinois,New York,9968
696,Illinois,North Carolina,6817
697,Illinois,North Dakota,852
698,Illinois,Ohio,6619
699,Illinois,Oklahoma,2394
700,Illinois,Oregon,2921
701,Illinois,Pennsylvania,3593
702,Illinois,Rhode Island,319
703,Illinois,South Carolina,2279
704,Illinois,South Dakota,618
705,Illinois,Tennessee,9688
706,Illinois,Texas,21302
707,Illinois,Utah,1683
708,Illinois,Vermont,230
709,Illinois,Virginia,3672
710,Illinois,Washington,6018
711,Illinois,West Virginia,321
712,Illinois,Wisconsin,24001
713,Illinois,Wyoming,609
714,Indiana,Alabama,1704
715,Indiana,Alaska,618
716,Indiana,Arizona,3797
717,Indiana,Arkansas,1106
718,Indiana,California,10418
719,Indiana,Colorado,5488
720,Indiana,Connecticut,564
721,Indiana,DC,2720
722,Indiana,Delaware,196
723,Indiana,Florida,11574
724,Indiana,Georgia,5188
725,Indiana,Hawaii,804
726,Indiana,Idaho,314
727,Indiana,Illinois,21594
728,Indiana,Indiana,589506
729,Indiana,Iowa,1172
730,Indiana,Kansas,848
731,Indiana,Kentucky,9664
732,Indiana,Louisiana,1266
733,Indiana,Maine,179
734,Indiana,Maryland,777
735,Indiana,Massachusetts,1269
736,Indiana,Michigan,10759
737,Indiana,Minnesota,1928
738,Indiana,Mississippi,803
739,Indiana,Missouri,4049
740,Indiana,Montana,435
741,Indiana,Nebraska,675
742,Indiana,Nevada,1364
743,Indiana,New Hampshire,218
744,Indiana,New Jersey,566
745,Indiana,New Mexico,566
746,Indiana,New York,3709
747,Indiana,North Carolina,5135
748,Indiana,North Dakota,400
749,Indiana,Ohio,12778
750,Indiana,Oklahoma,1348
751,Indiana,Oregon,1561
752,Indiana,Pennsylvania,2506
753,Indiana,Rhode Island,170
754,Indiana,South Carolina,2116
755,Indiana,South Dakota,285
756,Indiana,Tennessee,7045
757,Indiana,Texas,10393
758,Indiana,Utah,1031
759,Indiana,Vermont,153
760,Indiana,Virginia,2481
761,Indiana,Washington,3147
762,Indiana,West Virginia,355
763,Indiana,Wisconsin,3034
764,Indiana,Wyoming,352
765,Iowa,Alabama,318
766,Iowa,Alaska,267
767,Iowa,Arizona,2262
768,Iowa,Arkansas,538
769,Iowa,California,4385
770,Iowa,Colorado,5150
771,Iowa,Connecticut,184
772,Iowa,DC,975
773,Iowa,Delaware,60
774,Iowa,Florida,2441
775,Iowa,Georgia,1109
776,Iowa,Hawaii,289
777,Iowa,Idaho,273
778,Iowa,Illinois,9964
779,Iowa,Indiana,1049
780,Iowa,Iowa,236517
781,Iowa,Kansas,1030
782,Iowa,Kentucky,385
783,Iowa,Louisiana,414
784,Iowa,Maine,91
785,Iowa,Maryland,273
786,Iowa,Massachusetts,477
787,Iowa,Michigan,895
788,Iowa,Minnesota,7693
789,Iowa,Mississippi,205
790,Iowa,Missouri,6235
791,Iowa,Montana,364
792,Iowa,Nebraska,7237
793,Iowa,Nevada,651
794,Iowa,New Hampshire,93
795,Iowa,New Jersey,168
796,Iowa,New Mexico,305
797,Iowa,New York,1417
798,Iowa,North Carolina,1397
799,Iowa,North Dakota,522
800,Iowa,Ohio,931
801,Iowa,Oklahoma,847
802,Iowa,Oregon,977
803,Iowa,Pennsylvania,603
804,Iowa,Rhode Island,61
805,Iowa,South Carolina,466
806,Iowa,South Dakota,3425
807,Iowa,Tennessee,1234
808,Iowa,Texas,4397
809,Iowa,Utah,558
810,Iowa,Vermont,51
811,Iowa,Virginia,692
812,Iowa,Washington,1644
813,Iowa,West Virginia,76
814,Iowa,Wisconsin,3365
815,Iowa,Wyoming,329
816,Kansas,Alabama,384
817,Kansas,Alaska,286
818,Kansas,Arizona,1394
819,Kansas,Arkansas,1371
820,Kansas,California,3314
821,Kansas,Colorado,5075
822,Kansas,Connecticut,142
823,Kansas,DC,723
824,Kansas,Delaware,64
825,Kansas,Florida,2017
826,Kansas,Georgia,1211
827,Kansas,Hawaii,276
828,Kansas,Idaho,248
829,Kansas,Illinois,1442
830,Kansas,Indiana,575
831,Kansas,Iowa,892
832,Kansas,Kansas,164579
833,Kansas,Kentucky,343
834,Kansas,Louisiana,520
835,Kansas,Maine,57
836,Kansas,Maryland,219
837,Kansas,Massachusetts,299
838,Kansas,Michigan,481
839,Kansas,Minnesota,624
840,Kansas,Mississippi,214
841,Kansas,Missouri,20150
842,Kansas,Montana,255
843,Kansas,Nebraska,2535
844,Kansas,Nevada,521
845,Kansas,New Hampshire,57
846,Kansas,New Jersey,126
847,Kansas,New Mexico,500
848,Kansas,New York,1030
849,Kansas,North Carolina,1147
850,Kansas,North Dakota,257
851,Kansas,Ohio,639
852,Kansas,Oklahoma,7159
853,Kansas,Oregon,784
854,Kansas,Pennsylvania,584
855,Kansas,Rhode Island,49
856,Kansas,South Carolina,382
857,Kansas,South Dakota,284
858,Kansas,Tennessee,964
859,Kansas,Texas,8138
860,Kansas,Utah,491
861,Kansas,Vermont,37
862,Kansas,Virginia,695
863,Kansas,Washington,1510
864,Kansas,West Virginia,59
865,Kansas,Wisconsin,477
866,Kansas,Wyoming,304
867,Kentucky,Alabama,1342
868,Kentucky,Alaska,269
869,Kentucky,Arizona,829
870,Kentucky,Arkansas,497
871,Kentucky,California,3243
872,Kentucky,Colorado,1619
873,Kentucky,Connecticut,214
874,Kentucky,DC,1528
875,Kentucky,Delaware,111
876,Kentucky,Florida,5355
877,Kentucky,Georgia,3135
878,Kentucky,Hawaii,377
879,Kentucky,Idaho,131
880,Kentucky,Illinois,2795
881,Kentucky,Indiana,7344
882,Kentucky,Iowa,238
883,Kentucky,Kansas,412
884,Kentucky,Kentucky,353626
885,Kentucky,Louisiana,764
886,Kentucky,Maine,77
887,Kentucky,Maryland,452
888,Kentucky,Massachusetts,544
889,Kentucky,Michigan,1140
890,Kentucky,Minnesota,336
891,Kentucky,Mississippi,519
892,Kentucky,Missouri,1641
893,Kentucky,Montana,146
894,Kentucky,Nebraska,182
895,Kentucky,Nevada,444
896,Kentucky,New Hampshire,93
897,Kentucky,New Jersey,232
898,Kentucky,New Mexico,241
899,Kentucky,New York,1849
900,Kentucky,North Carolina,3017
901,Kentucky,North Dakota,177
902,Kentucky,Ohio,9307
903,Kentucky,Oklahoma,594
904,Kentucky,Oregon,481
905,Kentucky,Pennsylvania,1127
906,Kentucky,Rhode Island,83
907,Kentucky,South Carolina,1418
908,Kentucky,South Dakota,93
909,Kentucky,Tennessee,10672
910,Kentucky,Texas,4019
911,Kentucky,Utah,385
912,Kentucky,Vermont,80
913,Kentucky,Virginia,1768
914,Kentucky,Washington,1046
915,Kentucky,West Virginia,2159
916,Kentucky,Wisconsin,516
917,Kentucky,Wyoming,158
918,Louisiana,Alabama,2256
919,Louisiana,Alaska,312
920,Louisiana,Arizona,931
921,Louisiana,Arkansas,2880
922,Louisiana,California,5120
923,Louisiana,Colorado,2289
924,Louisiana,Connecticut,211
925,Louisiana,DC,1483
926,Louisiana,Delaware,105
927,Louisiana,Florida,4772
928,Louisiana,Georgia,5323
929,Louisiana,Hawaii,431
930,Louisiana,Idaho,125
931,Louisiana,Illinois,1286
932,Louisiana,Indiana,640
933,Louisiana,Iowa,265
934,Louisiana,Kansas,494
935,Louisiana,Kentucky,616
936,Louisiana,Louisiana,440909
937,Louisiana,Maine,72
938,Louisiana,Maryland,400
939,Louisiana,Massachusetts,484
940,Louisiana,Michigan,639
941,Louisiana,Minnesota,441
942,Louisiana,Mississippi,6028
943,Louisiana,Missouri,1432
944,Louisiana,Montana,142
945,Louisiana,Nebraska,255
946,Louisiana,Nevada,746
947,Louisiana,New Hampshire,58
948,Louisiana,New Jersey,279
949,Louisiana,New Mexico,370
950,Louisiana,New York,2192
951,Louisiana,North Carolina,2151
952,Louisiana,North Dakota,217
953,Louisiana,Ohio,991
954,Louisiana,Oklahoma,1652
955,Louisiana,Oregon,534
956,Louisiana,Pennsylvania,823
957,Louisiana,Rhode Island,84
958,Louisiana,South Carolina,830
959,Louisiana,South Dakota,112
960,Louisiana,Tennessee,3052
961,Louisiana,Texas,33712
962,Louisiana,Utah,393
963,Louisiana,Vermont,47
964,Louisiana,Virginia,1501
965,Louisiana,Washington,1506
966,Louisiana,West Virginia,125
967,Louisiana,Wisconsin,395
968,Louisiana,Wyoming,146
969,Maine,Alabama,137
970,Maine,Alaska,208
971,Maine,Arizona,507
972,Maine,Arkansas,103
973,Maine,California,2083
974,Maine,Colorado,1065
975,Maine,Connecticut,861
976,Maine,DC,965
977,Maine,Delaware,89
978,Maine,Florida,2500
979,Maine,Georgia,671
980,Maine,Hawaii,188
981,Maine,Idaho,67
982,Maine,Illinois,438
983,Maine,Indiana,207
984,Maine,Iowa,72
985,Maine,Kansas,121
986,Maine,Kentucky,160
987,Maine,Louisiana,183
988,Maine,Maine,88901
989,Maine,Maryland,292
990,Maine,Massachusetts,5233
991,Maine,Michigan,237
992,Maine,Minnesota,177
993,Maine,Mississippi,82
994,Maine,Missouri,243
995,Maine,Montana,170
996,Maine,Nebraska,56
997,Maine,Nevada,181
998,Maine,New Hampshire,4925
999,Maine,New Jersey,297
1000,Maine,New Mexico,133
1001,Maine,New York,2396
1002,Maine,North Carolina,1295
1003,Maine,North Dakota,68
1004,Maine,Ohio,416
1005,Maine,Oklahoma,167
1006,Maine,Oregon,355
1007,Maine,Pennsylvania,988
1008,Maine,Rhode Island,537
1009,Maine,South Carolina,461
1010,Maine,South Dakota,30
1011,Maine,Tennessee,537
1012,Maine,Texas,1252
1013,Maine,Utah,300
1014,Maine,Vermont,752
1015,Maine,Virginia,862
1016,Maine,Washington,650
1017,Maine,West Virginia,50
1018,Maine,Wisconsin,165
1019,Maine,Wyoming,123
1020,Maryland,Alabama,445
1021,Maryland,Alaska,165
1022,Maryland,Arizona,913
1023,Maryland,Arkansas,146
1024,Maryland,California,5230
1025,Maryland,Colorado,1714
1026,Maryland,Connecticut,487
1027,Maryland,DC,14947
1028,Maryland,Delaware,4417
1029,Maryland,Florida,5659
1030,Maryland,Georgia,2811
1031,Maryland,Hawaii,450
1032,Maryland,Idaho,79
1033,Maryland,Illinois,1109
1034,Maryland,Indiana,465
1035,Maryland,Iowa,141
1036,Maryland,Kansas,183
1037,Maryland,Kentucky,476
1038,Maryland,Louisiana,529
1039,Maryland,Maine,176
1040,Maryland,Maryland,239805
1041,Maryland,Massachusetts,1388
1042,Maryland,Michigan,471
1043,Maryland,Minnesota,267
1044,Maryland,Mississippi,186
1045,Maryland,Missouri,532
1046,Maryland,Montana,133
1047,Maryland,Nebraska,124
1048,Maryland,Nevada,397
1049,Maryland,New Hampshire,169
1050,Maryland,New Jersey,1335
1051,Maryland,New Mexico,220
1052,Maryland,New York,5715
1053,Maryland,North Carolina,4844
1054,Maryland,North Dakota,90
1055,Maryland,Ohio,1282
1056,Maryland,Oklahoma,308
1057,Maryland,Oregon,516
1058,Maryland,Pennsylvania,11149
1059,Maryland,Rhode Island,202
1060,Maryland,South Carolina,1763
1061,Maryland,South Dakota,48
1062,Maryland,Tennessee,1309
1063,Maryland,Texas,2998
1064,Maryland,Utah,381
1065,Maryland,Vermont,143
1066,Maryland,Virginia,4441
1067,Maryland,Washington,1155
1068,Maryland,West Virginia,1279
1069,Maryland,Wisconsin,280
1070,Maryland,Wyoming,114
1071,Massachusetts,Alabama,447
1072,Massachusetts,Alaska,326
1073,Massachusetts,Arizona,1787
1074,Massachusetts,Arkansas,229
1075,Massachusetts,California,15052
1076,Massachusetts,Colorado,3778
1077,Massachusetts,Connecticut,7043
1078,Massachusetts,DC,6196
1079,Massachusetts,Delaware,287
1080,Massachusetts,Florida,11477
1081,Massachusetts,Georgia,3145
1082,Massachusetts,Hawaii,678
1083,Massachusetts,Idaho,139
1084,Massachusetts,Illinois,2712
1085,Massachusetts,Indiana,622
1086,Massachusetts,Iowa,192
1087,Massachusetts,Kansas,267
1088,Massachusetts,Kentucky,408
1089,Massachusetts,Louisiana,805
1090,Massachusetts,Maine,2990
1091,Massachusetts,Maryland,1347
1092,Massachusetts,Massachusetts,449987
1093,Massachusetts,Michigan,829
1094,Massachusetts,Minnesota,608
1095,Massachusetts,Mississippi,174
1096,Massachusetts,Missouri,720
1097,Massachusetts,Montana,293
1098,Massachusetts,Nebraska,156
1099,Massachusetts,Nevada,722
1100,Massachusetts,New Hampshire,13488
1101,Massachusetts,New Jersey,2178
1102,Massachusetts,New Mexico,382
1103,Massachusetts,New York,19748
1104,Massachusetts,North Carolina,5110
1105,Massachusetts,North Dakota,110
1106,Massachusetts,Ohio,1413
1107,Massachusetts,Oklahoma,377
1108,Massachusetts,Oregon,1193
1109,Massachusetts,Pennsylvania,4198
1110,Massachusetts,Rhode Island,12660
1111,Massachusetts,South Carolina,1690
1112,Massachusetts,South Dakota,71
1113,Massachusetts,Tennessee,1636
1114,Massachusetts,Texas,4579
1115,Massachusetts,Utah,791
1116,Massachusetts,Vermont,3087
1117,Massachusetts,Virginia,2215
1118,Massachusetts,Washington,2229
1119,Massachusetts,West Virginia,112
1120,Massachusetts,Wisconsin,665
1121,Massachusetts,Wyoming,226
1122,Michigan,Alabama,2792
1123,Michigan,Alaska,1346
1124,Michigan,Arizona,8069
1125,Michigan,Arkansas,1422
1126,Michigan,California,17972
1127,Michigan,Colorado,9004
1128,Michigan,Connecticut,1018
1129,Michigan,DC,6015
1130,Michigan,Delaware,327
1131,Michigan,Florida,18536
1132,Michigan,Georgia,9518
1133,Michigan,Hawaii,1180
1134,Michigan,Idaho,546
1135,Michigan,Illinois,20933
1136,Michigan,Indiana,11890
1137,Michigan,Iowa,1419
1138,Michigan,Kansas,1258
1139,Michigan,Kentucky,3538
1140,Michigan,Louisiana,2057
1141,Michigan,Maine,325
1142,Michigan,Maryland,1600
1143,Michigan,Massachusetts,2714
1144,Michigan,Michigan,876573
1145,Michigan,Minnesota,4104
1146,Michigan,Mississippi,1183
1147,Michigan,Missouri,3834
1148,Michigan,Montana,1031
1149,Michigan,Nebraska,891
1150,Michigan,Nevada,2977
1151,Michigan,New Hampshire,354
1152,Michigan,New Jersey,1390
1153,Michigan,New Mexico,989
1154,Michigan,New York,9012
1155,Michigan,North Carolina,9307
1156,Michigan,North Dakota,1344
1157,Michigan,Ohio,15412
1158,Michigan,Oklahoma,1908
1159,Michigan,Oregon,2692
1160,Michigan,Pennsylvania,4423
1161,Michigan,Rhode Island,345
1162,Michigan,South Carolina,3444
1163,Michigan,South Dakota,489
1164,Michigan,Tennessee,8507
1165,Michigan,Texas,16533
1166,Michigan,Utah,1704
1167,Michigan,Vermont,295
1168,Michigan,Virginia,4476
1169,Michigan,Washington,5669
1170,Michigan,West Virginia,494
1171,Michigan,Wisconsin,9160
1172,Michigan,Wyoming,1156
1173,Minnesota,Alabama,463
1174,Minnesota,Alaska,982
1175,Minnesota,Arizona,3966
1176,Minnesota,Arkansas,550
1177,Minnesota,California,10495
1178,Minnesota,Colorado,6954
1179,Minnesota,Connecticut,438
1180,Minnesota,DC,2294
1181,Minnesota,Delaware,150
1182,Minnesota,Florida,4649
1183,Minnesota,Georgia,1995
1184,Minnesota,Hawaii,660
1185,Minnesota,Idaho,409
1186,Minnesota,Illinois,6897
1187,Minnesota,Indiana,1347
1188,Minnesota,Iowa,5796
1189,Minnesota,Kansas,792
1190,Minnesota,Kentucky,513
1191,Minnesota,Louisiana,686
1192,Minnesota,Maine,153
1193,Minnesota,Maryland,495
1194,Minnesota,Massachusetts,1502
1195,Minnesota,Michigan,1810
1196,Minnesota,Minnesota,472152
1197,Minnesota,Mississippi,323
1198,Minnesota,Missouri,2478
1199,Minnesota,Montana,1551
1200,Minnesota,Nebraska,1509
1201,Minnesota,Nevada,1187
1202,Minnesota,New Hampshire,150
1203,Minnesota,New Jersey,461
1204,Minnesota,New Mexico,544
1205,Minnesota,New York,4247
1206,Minnesota,North Carolina,2247
1207,Minnesota,North Dakota,12822
1208,Minnesota,Ohio,1423
1209,Minnesota,Oklahoma,871
1210,Minnesota,Oregon,2089
1211,Minnesota,Pennsylvania,1271
1212,Minnesota,Rhode Island,157
1213,Minnesota,South Carolina,662
1214,Minnesota,South Dakota,5825
1215,Minnesota,Tennessee,1586
1216,Minnesota,Texas,6157
1217,Minnesota,Utah,1124
1218,Minnesota,Vermont,173
1219,Minnesota,Virginia,1138
1220,Minnesota,Washington,4043
1221,Minnesota,West Virginia,98
1222,Minnesota,Wisconsin,12663
1223,Minnesota,Wyoming,671
1224,Mississippi,Alabama,7287
1225,Mississippi,Alaska,257
1226,Mississippi,Arizona,689
1227,Mississippi,Arkansas,1947
1228,Mississippi,California,2563
1229,Mississippi,Colorado,1195
1230,Mississippi,Connecticut,126
1231,Mississippi,DC,1051
1232,Mississippi,Delaware,74
1233,Mississippi,Florida,4365
1234,Mississippi,Georgia,5356
1235,Mississippi,Hawaii,266
1236,Mississippi,Idaho,79
1237,Mississippi,Illinois,1911
1238,Mississippi,Indiana,975
1239,Mississippi,Iowa,371
1240,Mississippi,Kansas,420
1241,Mississippi,Kentucky,740
1242,Mississippi,Louisiana,9006
1243,Mississippi,Maine,42
1244,Mississippi,Maryland,279
1245,Mississippi,Massachusetts,274
1246,Mississippi,Michigan,856
1247,Mississippi,Minnesota,555
1248,Mississippi,Mississippi,258767
1249,Mississippi,Missouri,1420
1250,Mississippi,Montana,125
1251,Mississippi,Nebraska,300
1252,Mississippi,Nevada,489
1253,Mississippi,New Hampshire,46
1254,Mississippi,New Jersey,126
1255,Mississippi,New Mexico,230
1256,Mississippi,New York,923
1257,Mississippi,North Carolina,1913
1258,Mississippi,North Dakota,137
1259,Mississippi,Ohio,1026
1260,Mississippi,Oklahoma,854
1261,Mississippi,Oregon,357
1262,Mississippi,Pennsylvania,649
1263,Mississippi,Rhode Island,58
1264,Mississippi,South Carolina,802
1265,Mississippi,South Dakota,95
1266,Mississippi,Tennessee,12633
1267,Mississippi,Texas,10588
1268,Mississippi,Utah,273
1269,Mississippi,Vermont,28
1270,Mississippi,Virginia,1201
1271,Mississippi,Washington,825
1272,Mississippi,West Virginia,80
1273,Mississippi,Wisconsin,870
1274,Mississippi,Wyoming,114
1275,Missouri,Alabama,1471
1276,Missouri,Alaska,710
1277,Missouri,Arizona,3918
1278,Missouri,Arkansas,7807
1279,Missouri,California,12408
1280,Missouri,Colorado,8655
1281,Missouri,Connecticut,462
1282,Missouri,DC,2994
1283,Missouri,Delaware,167
1284,Missouri,Florida,8207
1285,Missouri,Georgia,4476
1286,Missouri,Hawaii,893
1287,Missouri,Idaho,517
1288,Missouri,Illinois,16756
1289,Missouri,Indiana,2876
1290,Missouri,Iowa,3368
1291,Missouri,Kansas,11188
1292,Missouri,Kentucky,1875
1293,Missouri,Louisiana,1948
1294,Missouri,Maine,146
1295,Missouri,Maryland,777
1296,Missouri,Massachusetts,1346
1297,Missouri,Michigan,1731
1298,Missouri,Minnesota,2100
1299,Missouri,Mississippi,990
1300,Missouri,Missouri,616791
1301,Missouri,Montana,586
1302,Missouri,Nebraska,2892
1303,Missouri,Nevada,1518
1304,Missouri,New Hampshire,185
1305,Missouri,New Jersey,598
1306,Missouri,New Mexico,866
1307,Missouri,New York,4799
1308,Missouri,North Carolina,3720
1309,Missouri,North Dakota,568
1310,Missouri,Ohio,2656
1311,Missouri,Oklahoma,5777
1312,Missouri,Oregon,1941
1313,Missouri,Pennsylvania,1878
1314,Missouri,Rhode Island,174
1315,Missouri,South Carolina,1291
1316,Missouri,South Dakota,443
1317,Missouri,Tennessee,4820
1318,Missouri,Texas,16211
1319,Missouri,Utah,1568
1320,Missouri,Vermont,118
1321,Missouri,Virginia,2321
1322,Missouri,Washington,3634
1323,Missouri,West Virginia,186
1324,Missouri,Wisconsin,1813
1325,Missouri,Wyoming,452
1326,Montana,Alabama,108
1327,Montana,Alaska,641
1328,Montana,Arizona,1186
1329,Montana,Arkansas,124
1330,Montana,California,2772
1331,Montana,Colorado,2196
1332,Montana,Connecticut,66
1333,Montana,DC,337
1334,Montana,Delaware,22
1335,Montana,Florida,655
1336,Montana,Georgia,326
1337,Montana,Hawaii,260
1338,Montana,Idaho,1244
1339,Montana,Illinois,343
1340,Montana,Indiana,185
1341,Montana,Iowa,188
1342,Montana,Kansas,184
1343,Montana,Kentucky,92
1344,Montana,Louisiana,143
1345,Montana,Maine,47
1346,Montana,Maryland,88
1347,Montana,Massachusetts,215
1348,Montana,Michigan,217
1349,Montana,Minnesota,753
1350,Montana,Mississippi,75
1351,Montana,Missouri,358
1352,Montana,Montana,74021
1353,Montana,Nebraska,235
1354,Montana,Nevada,770
1355,Montana,New Hampshire,48
1356,Montana,New Jersey,58
1357,Montana,New Mexico,270
1358,Montana,New York,510
1359,Montana,North Carolina,426
1360,Montana,North Dakota,2124
1361,Montana,Ohio,290
1362,Montana,Oklahoma,303
1363,Montana,Oregon,2208
1364,Montana,Pennsylvania,283
1365,Montana,Rhode Island,17
1366,Montana,South Carolina,153
1367,Montana,South Dakota,438
1368,Montana,Tennessee,343
1369,Montana,Texas,1515
1370,Montana,Utah,1203
1371,Montana,Vermont,33
1372,Montana,Virginia,318
1373,Montana,Washington,5117
1374,Montana,West Virginia,24
1375,Montana,Wisconsin,271
1376,Montana,Wyoming,1546
1377,Nebraska,Alabama,248
1378,Nebraska,Alaska,219
1379,Nebraska,Arizona,1767
1380,Nebraska,Arkansas,417
1381,Nebraska,California,3187
1382,Nebraska,Colorado,5202
1383,Nebraska,Connecticut,147
1384,Nebraska,DC,683
1385,Nebraska,Delaware,44
1386,Nebraska,Florida,1590
1387,Nebraska,Georgia,765
1388,Nebraska,Hawaii,224
1389,Nebraska,Idaho,241
1390,Nebraska,Illinois,1863
1391,Nebraska,Indiana,423
1392,Nebraska,Iowa,4519
1393,Nebraska,Kansas,2153
1394,Nebraska,Kentucky,208
1395,Nebraska,Louisiana,333
1396,Nebraska,Maine,58
1397,Nebraska,Maryland,169
1398,Nebraska,Massachusetts,293
1399,Nebraska,Michigan,380
1400,Nebraska,Minnesota,1497
1401,Nebraska,Mississippi,151
1402,Nebraska,Missouri,4212
1403,Nebraska,Montana,323
1404,Nebraska,Nebraska,162583
1405,Nebraska,Nevada,533
1406,Nebraska,New Hampshire,47
1407,Nebraska,New Jersey,126
1408,Nebraska,New Mexico,253
1409,Nebraska,New York,988
1410,Nebraska,North Carolina,850
1411,Nebraska,North Dakota,382
1412,Nebraska,Ohio,531
1413,Nebraska,Oklahoma,824
1414,Nebraska,Oregon,689
1415,Nebraska,Pennsylvania,427
1416,Nebraska,Rhode Island,42
1417,Nebraska,South Carolina,286
1418,Nebraska,South Dakota,1969
1419,Nebraska,Tennessee,689
1420,Nebraska,Texas,3948
1421,Nebraska,Utah,465
1422,Nebraska,Vermont,45
1423,Nebraska,Virginia,533
1424,Nebraska,Washington,1227
1425,Nebraska,West Virginia,38
1426,Nebraska,Wisconsin,597
1427,Nebraska,Wyoming,1234
1428,Nevada,Alabama,327
1429,Nevada,Alaska,514
1430,Nevada,Arizona,6293
1431,Nevada,Arkansas,517
1432,Nevada,California,19074
1433,Nevada,Colorado,3186
1434,Nevada,Connecticut,184
1435,Nevada,DC,764
1436,Nevada,Delaware,68
1437,Nevada,Florida,2068
1438,Nevada,Georgia,1062
1439,Nevada,Hawaii,900
1440,Nevada,Idaho,1924
1441,Nevada,Illinois,1298
1442,Nevada,Indiana,645
1443,Nevada,Iowa,415
1444,Nevada,Kansas,493
1445,Nevada,Kentucky,327
1446,Nevada,Louisiana,507
1447,Nevada,Maine,82
1448,Nevada,Maryland,250
1449,Nevada,Massachusetts,449
1450,Nevada,Michigan,739
1451,Nevada,Minnesota,634
1452,Nevada,Mississippi,230
1453,Nevada,Missouri,1089
1454,Nevada,Montana,717
1455,Nevada,Nebraska,458
1456,Nevada,Nevada,162866
1457,Nevada,New Hampshire,97
1458,Nevada,New Jersey,278
1459,Nevada,New Mexico,955
1460,Nevada,New York,1613
1461,Nevada,North Carolina,1070
1462,Nevada,North Dakota,491
1463,Nevada,Ohio,1038
1464,Nevada,Oklahoma,910
1465,Nevada,Oregon,3229
1466,Nevada,Pennsylvania,799
1467,Nevada,Rhode Island,81
1468,Nevada,South Carolina,359
1469,Nevada,South Dakota,222
1470,Nevada,Tennessee,888
1471,Nevada,Texas,5363
1472,Nevada,Utah,5856
1473,Nevada,Vermont,53
1474,Nevada,Virginia,669
1475,Nevada,Washington,4256
1476,Nevada,West Virginia,79
1477,Nevada,Wisconsin,539
1478,Nevada,Wyoming,544
1479,New Hampshire,Alabama,164
1480,New Hampshire,Alaska,194
1481,New Hampshire,Arizona,772
1482,New Hampshire,Arkansas,110
1483,New Hampshire,California,3758
1484,New Hampshire,Colorado,1753
1485,New Hampshire,Connecticut,1365
1486,New Hampshire,DC,1519
1487,New Hampshire,Delaware,120
1488,New Hampshire,Florida,3753
1489,New Hampshire,Georgia,848
1490,New Hampshire,Hawaii,277
1491,New Hampshire,Idaho,92
1492,New Hampshire,Illinois,654
1493,New Hampshire,Indiana,214
1494,New Hampshire,Iowa,84
1495,New Hampshire,Kansas,134
1496,New Hampshire,Kentucky,214
1497,New Hampshire,Louisiana,222
1498,New Hampshire,Maine,4861
1499,New Hampshire,Maryland,392
1500,New Hampshire,Massachusetts,14839
1501,New Hampshire,Michigan,305
1502,New Hampshire,Minnesota,235
1503,New Hampshire,Mississippi,73
1504,New Hampshire,Missouri,268
1505,New Hampshire,Montana,241
1506,New Hampshire,Nebraska,98
1507,New Hampshire,Nevada,275
1508,New Hampshire,New Hampshire,106395
1509,New Hampshire,New Jersey,511
1510,New Hampshire,New Mexico,177
1511,New Hampshire,New York,3793
1512,New Hampshire,North Carolina,1900
1513,New Hampshire,North Dakota,58
1514,New Hampshire,Ohio,542
1515,New Hampshire,Oklahoma,214
1516,New Hampshire,Oregon,568
1517,New Hampshire,Pennsylvania,1253
1518,New Hampshire,Rhode Island,1001
1519,New Hampshire,South Carolina,761
1520,New Hampshire,South Dakota,38
1521,New Hampshire,Tennessee,628
1522,New Hampshire,Texas,1581
1523,New Hampshire,Utah,466
1524,New Hampshire,Vermont,3441
1525,New Hampshire,Virginia,972
1526,New Hampshire,Washington,882
1527,New Hampshire,West Virginia,65
1528,New Hampshire,Wisconsin,236
1529,New Hampshire,Wyoming,113
1530,New Jersey,Alabama,579
1531,New Jersey,Alaska,234
1532,New Jersey,Arizona,2155
1533,New Jersey,Arkansas,254
1534,New Jersey,California,14062
1535,New Jersey,Colorado,3487
1536,New Jersey,Connecticut,3447
1537,New Jersey,DC,9859
1538,New Jersey,Delaware,2088
1539,New Jersey,Florida,19115
1540,New Jersey,Georgia,5957
1541,New Jersey,Hawaii,693
1542,New Jersey,Idaho,129
1543,New Jersey,Illinois,2929
1544,New Jersey,Indiana,814
1545,New Jersey,Iowa,186
1546,New Jersey,Kansas,312
1547,New Jersey,Kentucky,502
1548,New Jersey,Louisiana,862
1549,New Jersey,Maine,512
1550,New Jersey,Maryland,4371
1551,New Jersey,Massachusetts,7821
1552,New Jersey,Michigan,1124
1553,New Jersey,Minnesota,646
1554,New Jersey,Mississippi,203
1555,New Jersey,Missouri,813
1556,New Jersey,Montana,206
1557,New Jersey,Nebraska,187
1558,New Jersey,Nevada,924
1559,New Jersey,New Hampshire,700
1560,New Jersey,New Jersey,504580
1561,New Jersey,New Mexico,328
1562,New Jersey,New York,47739
1563,New Jersey,North Carolina,9629
1564,New Jersey,North Dakota,136
1565,New Jersey,Ohio,2153
1566,New Jersey,Oklahoma,423
1567,New Jersey,Oregon,955
1568,New Jersey,Pennsylvania,31173
1569,New Jersey,Rhode Island,1134
1570,New Jersey,South Carolina,3197
1571,New Jersey,South Dakota,72
1572,New Jersey,Tennessee,1850
1573,New Jersey,Texas,6003
1574,New Jersey,Utah,603
1575,New Jersey,Vermont,853
1576,New Jersey,Virginia,4800
1577,New Jersey,Washington,1957
1578,New Jersey,West Virginia,280
1579,New Jersey,Wisconsin,613
1580,New Jersey,Wyoming,141
1581,New Mexico,Alabama,240
1582,New Mexico,Alaska,326
1583,New Mexico,Arizona,7816
1584,New Mexico,Arkansas,404
1585,New Mexico,California,4992
1586,New Mexico,Colorado,7088
1587,New Mexico,Connecticut,127
1588,New Mexico,DC,679
1589,New Mexico,Delaware,45
1590,New Mexico,Florida,1356
1591,New Mexico,Georgia,652
1592,New Mexico,Hawaii,356
1593,New Mexico,Idaho,312
1594,New Mexico,Illinois,696
1595,New Mexico,Indiana,344
1596,New Mexico,Iowa,196
1597,New Mexico,Kansas,568
1598,New Mexico,Kentucky,190
1599,New Mexico,Louisiana,377
1600,New Mexico,Maine,71
1601,New Mexico,Maryland,189
1602,New Mexico,Massachusetts,398
1603,New Mexico,Michigan,306
1604,New Mexico,Minnesota,360
1605,New Mexico,Mississippi,136
1606,New Mexico,Missouri,738
1607,New Mexico,Montana,326
1608,New Mexico,Nebraska,309
1609,New Mexico,Nevada,1123
1610,New Mexico,New Hampshire,65
1611,New Mexico,New Jersey,112
1612,New Mexico,New Mexico,137239
1613,New Mexico,New York,1098
1614,New Mexico,North Carolina,751
1615,New Mexico,North Dakota,221
1616,New Mexico,Ohio,490
1617,New Mexico,Oklahoma,1412
1618,New Mexico,Oregon,1165
1619,New Mexico,Pennsylvania,477
1620,New Mexico,Rhode Island,51
1621,New Mexico,South Carolina,272
1622,New Mexico,South Dakota,160
1623,New Mexico,Tennessee,535
1624,New Mexico,Texas,16944
1625,New Mexico,Utah,1335
1626,New Mexico,Vermont,52
1627,New Mexico,Virginia,501
1628,New Mexico,Washington,1759
1629,New Mexico,West Virginia,62
1630,New Mexico,Wisconsin,271
1631,New Mexico,Wyoming,332
1632,New York,Alabama,1776
1633,New York,Alaska,1029
1634,New York,Arizona,5763
1635,New York,Arkansas,742
1636,New York,California,27652
1637,New York,Colorado,8887
1638,New York,Connecticut,14098
1639,New York,DC,17987
1640,New York,Delaware,2496
1641,New York,Florida,48874
1642,New York,Georgia,15698
1643,New York,Hawaii,1670
1644,New York,Idaho,442
1645,New York,Illinois,6182
1646,New York,Indiana,2290
1647,New York,Iowa,656
1648,New York,Kansas,915
1649,New York,Kentucky,1551
1650,New York,Louisiana,2220
1651,New York,Maine,1498
1652,New York,Maryland,6872
1653,New York,Massachusetts,21158
1654,New York,Michigan,3087
1655,New York,Minnesota,1584
1656,New York,Mississippi,708
1657,New York,Missouri,2323
1658,New York,Montana,649
1659,New York,Nebraska,526
1660,New York,Nevada,3015
1661,New York,New Hampshire,2339
1662,New York,New Jersey,31764
1663,New York,New Mexico,912
1664,New York,New York,1435174
1665,New York,North Carolina,27384
1666,New York,North Dakota,397
1667,New York,Ohio,6922
1668,New York,Oklahoma,1351
1669,New York,Oregon,2563
1670,New York,Pennsylvania,35857
1671,New York,Rhode Island,2902
1672,New York,South Carolina,8211
1673,New York,South Dakota,282
1674,New York,Tennessee,5304
1675,New York,Texas,15087
1676,New York,Utah,1696
1677,New York,Vermont,3272
1678,New York,Virginia,12725
1679,New York,Washington,5287
1680,New York,West Virginia,677
1681,New York,Wisconsin,1766
1682,New York,Wyoming,458
1683,North Carolina,Alabama,2236
1684,North Carolina,Alaska,836
1685,North Carolina,Arizona,2132
1686,North Carolina,Arkansas,859
1687,North Carolina,California,11020
1688,North Carolina,Colorado,4583
1689,North Carolina,Connecticut,1214
1690,North Carolina,DC,9603
1691,North Carolina,Delaware,639
1692,North Carolina,Florida,15631
1693,North Carolina,Georgia,16169
1694,North Carolina,Hawaii,1220
1695,North Carolina,Idaho,356
1696,North Carolina,Illinois,3007
1697,North Carolina,Indiana,1764
1698,North Carolina,Iowa,554
1699,North Carolina,Kansas,838
1700,North Carolina,Kentucky,2116
1701,North Carolina,Louisiana,1916
1702,North Carolina,Maine,342
1703,North Carolina,Maryland,2556
1704,North Carolina,Massachusetts,2650
1705,North Carolina,Michigan,1773
1706,North Carolina,Minnesota,974
1707,North Carolina,Mississippi,999
1708,North Carolina,Missouri,1919
1709,North Carolina,Montana,395
1710,North Carolina,Nebraska,432
1711,North Carolina,Nevada,1104
1712,North Carolina,New Hampshire,400
1713,North Carolina,New Jersey,1957
1714,North Carolina,New Mexico,614
1715,North Carolina,New York,11626
1716,North Carolina,North Carolina,748432
1717,North Carolina,North Dakota,404
1718,North Carolina,Ohio,3832
1719,North Carolina,Oklahoma,1324
1720,North Carolina,Oregon,1417
1721,North Carolina,Pennsylvania,5520
1722,North Carolina,Rhode Island,441
1723,North Carolina,South Carolina,18997
1724,North Carolina,South Dakota,222
1725,North Carolina,Tennessee,8612
1726,North Carolina,Texas,10801
1727,North Carolina,Utah,1069
1728,North Carolina,Vermont,255
1729,North Carolina,Virginia,16434
1730,North Carolina,Washington,3317
1731,North Carolina,West Virginia,1293
1732,North Carolina,Wisconsin,1054
1733,North Carolina,Wyoming,342
1734,North Dakota,Alabama,74
1735,North Dakota,Alaska,169
1736,North Dakota,Arizona,710
1737,North Dakota,Arkansas,73
1738,North Dakota,California,953
1739,North Dakota,Colorado,1436
1740,North Dakota,Connecticut,40
1741,North Dakota,DC,239
1742,North Dakota,Delaware,17
1743,North Dakota,Florida,438
1744,North Dakota,Georgia,199
1745,North Dakota,Hawaii,83
1746,North Dakota,Idaho,196
1747,North Dakota,Illinois,411
1748,North Dakota,Indiana,144
1749,North Dakota,Iowa,398
1750,North Dakota,Kansas,165
1751,North Dakota,Kentucky,84
1752,North Dakota,Louisiana,68
1753,North Dakota,Maine,26
1754,North Dakota,Maryland,57
1755,North Dakota,Massachusetts,124
1756,North Dakota,Michigan,203
1757,North Dakota,Minnesota,7023
1758,North Dakota,Mississippi,45
1759,North Dakota,Missouri,328
1760,North Dakota,Montana,1122
1761,North Dakota,Nebraska,427
1762,North Dakota,Nevada,248
1763,North Dakota,New Hampshire,18
1764,North Dakota,New Jersey,33
1765,North Dakota,New Mexico,111
1766,North Dakota,New York,284
1767,North Dakota,North Carolina,241
1768,North Dakota,North Dakota,66355
1769,North Dakota,Ohio,200
1770,North Dakota,Oklahoma,192
1771,North Dakota,Oregon,425
1772,North Dakota,Pennsylvania,173
1773,North Dakota,Rhode Island,19
1774,North Dakota,South Carolina,72
1775,North Dakota,South Dakota,1348
1776,North Dakota,Tennessee,196
1777,North Dakota,Texas,890
1778,North Dakota,Utah,226
1779,North Dakota,Vermont,20
1780,North Dakota,Virginia,165
1781,North Dakota,Washington,689
1782,North Dakota,West Virginia,22
1783,North Dakota,Wisconsin,431
1784,North Dakota,Wyoming,307
1785,Ohio,Alabama,2588
1786,Ohio,Alaska,1017
1787,Ohio,Arizona,6227
1788,Ohio,Arkansas,1084
1789,Ohio,California,18696
1790,Ohio,Colorado,8590
1791,Ohio,Connecticut,1217
1792,Ohio,DC,8644
1793,Ohio,Delaware,565
1794,Ohio,Florida,23447
1795,Ohio,Georgia,11102
1796,Ohio,Hawaii,1413
1797,Ohio,Idaho,530
1798,Ohio,Illinois,14524
1799,Ohio,Indiana,13610
1800,Ohio,Iowa,1060
1801,Ohio,Kansas,1172
1802,Ohio,Kentucky,13002
1803,Ohio,Louisiana,2108
1804,Ohio,Maine,379
1805,Ohio,Maryland,2428
1806,Ohio,Massachusetts,3587
1807,Ohio,Michigan,12127
1808,Ohio,Minnesota,1819
1809,Ohio,Mississippi,1030
1810,Ohio,Missouri,3879
1811,Ohio,Montana,794
1812,Ohio,Nebraska,833
1813,Ohio,Nevada,2716
1814,Ohio,New Hampshire,482
1815,Ohio,New Jersey,1833
1816,Ohio,New Mexico,1076
1817,Ohio,New York,12754
1818,Ohio,North Carolina,15117
1819,Ohio,North Dakota,579
1820,Ohio,Ohio,1135013
1821,Ohio,Oklahoma,1762
1822,Ohio,Oregon,2431
1823,Ohio,Pennsylvania,15741
1824,Ohio,Rhode Island,463
1825,Ohio,South Carolina,5902
1826,Ohio,South Dakota,368
1827,Ohio,Tennessee,10002
1828,Ohio,Texas,15417
1829,Ohio,Utah,1780
1830,Ohio,Vermont,343
1831,Ohio,Virginia,6633
1832,Ohio,Washington,4898
1833,Ohio,West Virginia,5078
1834,Ohio,Wisconsin,2646
1835,Ohio,Wyoming,569
1836,Oklahoma,Alabama,582
1837,Oklahoma,Alaska,447
1838,Oklahoma,Arizona,1351
1839,Oklahoma,Arkansas,6502
1840,Oklahoma,California,4678
1841,Oklahoma,Colorado,3675
1842,Oklahoma,Connecticut,158
1843,Oklahoma,DC,905
1844,Oklahoma,Delaware,82
1845,Oklahoma,Florida,2726
1846,Oklahoma,Georgia,1536
1847,Oklahoma,Hawaii,450
1848,Oklahoma,Idaho,197
1849,Oklahoma,Illinois,1258
1850,Oklahoma,Indiana,641
1851,Oklahoma,Iowa,393
1852,Oklahoma,Kansas,4337
1853,Oklahoma,Kentucky,456
1854,Oklahoma,Louisiana,1115
1855,Oklahoma,Maine,69
1856,Oklahoma,Maryland,270
1857,Oklahoma,Massachusetts,405
1858,Oklahoma,Michigan,521
1859,Oklahoma,Minnesota,483
1860,Oklahoma,Mississippi,402
1861,Oklahoma,Missouri,3939
1862,Oklahoma,Montana,246
1863,Oklahoma,Nebraska,488
1864,Oklahoma,Nevada,608
1865,Oklahoma,New Hampshire,69
1866,Oklahoma,New Jersey,152
1867,Oklahoma,New Mexico,884
1868,Oklahoma,New York,1417
1869,Oklahoma,North Carolina,1504
1870,Oklahoma,North Dakota,245
1871,Oklahoma,Ohio,830
1872,Oklahoma,Oklahoma,288811
1873,Oklahoma,Oregon,839
1874,Oklahoma,Pennsylvania,696
1875,Oklahoma,Rhode Island,65
1876,Oklahoma,South Carolina,447
1877,Oklahoma,South Dakota,213
1878,Oklahoma,Tennessee,1394
1879,Oklahoma,Texas,20017
1880,Oklahoma,Utah,587
1881,Oklahoma,Vermont,38
1882,Oklahoma,Virginia,875
1883,Oklahoma,Washington,1655
1884,Oklahoma,West Virginia,111
1885,Oklahoma,Wisconsin,416
1886,Oklahoma,Wyoming,290
1887,Oregon,Alabama,292
1888,Oregon,Alaska,1669
1889,Oregon,Arizona,4146
1890,Oregon,Arkansas,449
1891,Oregon,California,18822
1892,Oregon,Colorado,3280
1893,Oregon,Connecticut,265
1894,Oregon,DC,1345
1895,Oregon,Delaware,85
1896,Oregon,Florida,2079
1897,Oregon,Georgia,1113
1898,Oregon,Hawaii,1399
1899,Oregon,Idaho,5094
1900,Oregon,Illinois,1233
1901,Oregon,Indiana,570
1902,Oregon,Iowa,367
1903,Oregon,Kansas,485
1904,Oregon,Kentucky,343
1905,Oregon,Louisiana,558
1906,Oregon,Maine,120
1907,Oregon,Maryland,333
1908,Oregon,Massachusetts,902
1909,Oregon,Michigan,610
1910,Oregon,Minnesota,796
1911,Oregon,Mississippi,175
1912,Oregon,Missouri,1011
1913,Oregon,Montana,1640
1914,Oregon,Nebraska,397
1915,Oregon,Nevada,2460
1916,Oregon,New Hampshire,143
1917,Oregon,New Jersey,222
1918,Oregon,New Mexico,630
1919,Oregon,New York,2882
1920,Oregon,North Carolina,1410
1921,Oregon,North Dakota,727
1922,Oregon,Ohio,756
1923,Oregon,Oklahoma,790
1924,Oregon,Oregon,301129
1925,Oregon,Pennsylvania,802
1926,Oregon,Rhode Island,103
1927,Oregon,South Carolina,417
1928,Oregon,South Dakota,263
1929,Oregon,Tennessee,981
1930,Oregon,Texas,4838
1931,Oregon,Utah,3352
1932,Oregon,Vermont,93
1933,Oregon,Virginia,980
1934,Oregon,Washington,21570
1935,Oregon,West Virginia,57
1936,Oregon,Wisconsin,574
1937,Oregon,Wyoming,666
1938,Pennsylvania,Alabama,1682
1939,Pennsylvania,Alaska,1103
1940,Pennsylvania,Arizona,5217
1941,Pennsylvania,Arkansas,837
1942,Pennsylvania,California,22667
1943,Pennsylvania,Colorado,8278
1944,Pennsylvania,Connecticut,3323
1945,Pennsylvania,DC,25294
1946,Pennsylvania,Delaware,10452
1947,Pennsylvania,Florida,30236
1948,Pennsylvania,Georgia,10044
1949,Pennsylvania,Hawaii,1733
1950,Pennsylvania,Idaho,517
1951,Pennsylvania,Illinois,6186
1952,Pennsylvania,Indiana,2790
1953,Pennsylvania,Iowa,745
1954,Pennsylvania,Kansas,979
1955,Pennsylvania,Kentucky,2050
1956,Pennsylvania,Louisiana,1939
1957,Pennsylvania,Maine,948
1958,Pennsylvania,Maryland,13863
1959,Pennsylvania,Massachusetts,8317
1960,Pennsylvania,Michigan,2953
1961,Pennsylvania,Minnesota,1421
1962,Pennsylvania,Mississippi,767
1963,Pennsylvania,Missouri,2497
1964,Pennsylvania,Montana,841
1965,Pennsylvania,Nebraska,599
1966,Pennsylvania,Nevada,2398
1967,Pennsylvania,New Hampshire,1097
1968,Pennsylvania,New Jersey,17430
1969,Pennsylvania,New Mexico,946
1970,Pennsylvania,New York,38776
1971,Pennsylvania,North Carolina,19199
1972,Pennsylvania,North Dakota,533
1973,Pennsylvania,Ohio,15067
1974,Pennsylvania,Oklahoma,1447
1975,Pennsylvania,Oregon,2428
1976,Pennsylvania,Pennsylvania,1273456
1977,Pennsylvania,Rhode Island,1245
1978,Pennsylvania,South Carolina,6961
1979,Pennsylvania,South Dakota,313
1980,Pennsylvania,Tennessee,5778
1981,Pennsylvania,Texas,13085
1982,Pennsylvania,Utah,1694
1983,Pennsylvania,Vermont,1071
1984,Pennsylvania,Virginia,14126
1985,Pennsylvania,Washington,5019
1986,Pennsylvania,West Virginia,3519
1987,Pennsylvania,Wisconsin,1850
1988,Pennsylvania,Wyoming,575
1989,Rhode Island,Alabama,130
1990,Rhode Island,Alaska,90
1991,Rhode Island,Arizona,427
1992,Rhode Island,Arkansas,93
1993,Rhode Island,California,2958
1994,Rhode Island,Colorado,675
1995,Rhode Island,Connecticut,2514
1996,Rhode Island,DC,1306
1997,Rhode Island,Delaware,79
1998,Rhode Island,Florida,4214
1999,Rhode Island,Georgia,879
2000,Rhode Island,Hawaii,201
2001,Rhode Island,Idaho,38
2002,Rhode Island,Illinois,501
2003,Rhode Island,Indiana,184
2004,Rhode Island,Iowa,57
2005,Rhode Island,Kansas,87
2006,Rhode Island,Kentucky,115
2007,Rhode Island,Louisiana,198
2008,Rhode Island,Maine,646
2009,Rhode Island,Maryland,347
2010,Rhode Island,Massachusetts,13667
2011,Rhode Island,Michigan,184
2012,Rhode Island,Minnesota,144
2013,Rhode Island,Mississippi,71
2014,Rhode Island,Missouri,193
2015,Rhode Island,Montana,55
2016,Rhode Island,Nebraska,60
2017,Rhode Island,Nevada,239
2018,Rhode Island,New Hampshire,1115
2019,Rhode Island,New Jersey,639
2020,Rhode Island,New Mexico,72
2021,Rhode Island,New York,3912
2022,Rhode Island,North Carolina,1357
2023,Rhode Island,North Dakota,48
2024,Rhode Island,Ohio,377
2025,Rhode Island,Oklahoma,95
2026,Rhode Island,Oregon,262
2027,Rhode Island,Pennsylvania,1041
2028,Rhode Island,Rhode Island,122387
2029,Rhode Island,South Carolina,509
2030,Rhode Island,South Dakota,34
2031,Rhode Island,Tennessee,409
2032,Rhode Island,Texas,1283
2033,Rhode Island,Utah,141
2034,Rhode Island,Vermont,509
2035,Rhode Island,Virginia,743
2036,Rhode Island,Washington,500
2037,Rhode Island,West Virginia,52
2038,Rhode Island,Wisconsin,124
2039,Rhode Island,Wyoming,53
2040,South Carolina,Alabama,1213
2041,South Carolina,Alaska,312
2042,South Carolina,Arizona,746
2043,South Carolina,Arkansas,391
2044,South Carolina,California,3453
2045,South Carolina,Colorado,1621
2046,South Carolina,Connecticut,525
2047,South Carolina,DC,2701
2048,South Carolina,Delaware,237
2049,South Carolina,Florida,6893
2050,South Carolina,Georgia,13757
2051,South Carolina,Hawaii,541
2052,South Carolina,Idaho,109
2053,South Carolina,Illinois,1100
2054,South Carolina,Indiana,726
2055,South Carolina,Iowa,223
2056,South Carolina,Kansas,397
2057,South Carolina,Kentucky,893
2058,South Carolina,Louisiana,904
2059,South Carolina,Maine,137
2060,South Carolina,Maryland,876
2061,South Carolina,Massachusetts,863
2062,South Carolina,Michigan,738
2063,South Carolina,Minnesota,310
2064,South Carolina,Mississippi,461
2065,South Carolina,Missouri,820
2066,South Carolina,Montana,136
2067,South Carolina,Nebraska,179
2068,South Carolina,Nevada,435
2069,South Carolina,New Hampshire,140
2070,South Carolina,New Jersey,707
2071,South Carolina,New Mexico,247
2072,South Carolina,New York,4030
2073,South Carolina,North Carolina,19962
2074,South Carolina,North Dakota,166
2075,South Carolina,Ohio,1606
2076,South Carolina,Oklahoma,590
2077,South Carolina,Oregon,456
2078,South Carolina,Pennsylvania,2098
2079,South Carolina,Rhode Island,179
2080,South Carolina,South Carolina,320558
2081,South Carolina,South Dakota,79
2082,South Carolina,Tennessee,3163
2083,South Carolina,Texas,4212
2084,South Carolina,Utah,451
2085,South Carolina,Vermont,105
2086,South Carolina,Virginia,3355
2087,South Carolina,Washington,1356
2088,South Carolina,West Virginia,337
2089,South Carolina,Wisconsin,356
2090,South Carolina,Wyoming,135
2091,South Dakota,Alabama,76
2092,South Dakota,Alaska,191
2093,South Dakota,Arizona,883
2094,South Dakota,Arkansas,103
2095,South Dakota,California,1197
2096,South Dakota,Colorado,2254
2097,South Dakota,Connecticut,38
2098,South Dakota,DC,280
2099,South Dakota,Delaware,18
2100,South Dakota,Florida,588
2101,South Dakota,Georgia,246
2102,South Dakota,Hawaii,117
2103,South Dakota,Idaho,173
2104,South Dakota,Illinois,476
2105,South Dakota,Indiana,214
2106,South Dakota,Iowa,1626
2107,South Dakota,Kansas,385
2108,South Dakota,Kentucky,101
2109,South Dakota,Louisiana,88
2110,South Dakota,Maine,23
2111,South Dakota,Maryland,85
2112,South Dakota,Massachusetts,120
2113,South Dakota,Michigan,226
2114,South Dakota,Minnesota,4172
2115,South Dakota,Mississippi,56
2116,South Dakota,Missouri,645
2117,South Dakota,Montana,578
2118,South Dakota,Nebraska,3128
2119,South Dakota,Nevada,294
2120,South Dakota,New Hampshire,25
2121,South Dakota,New Jersey,41
2122,South Dakota,New Mexico,175
2123,South Dakota,New York,283
2124,South Dakota,North Carolina,331
2125,South Dakota,North Dakota,2411
2126,South Dakota,Ohio,219
2127,South Dakota,Oklahoma,295
2128,South Dakota,Oregon,450
2129,South Dakota,Pennsylvania,198
2130,South Dakota,Rhode Island,17
2131,South Dakota,South Carolina,124
2132,South Dakota,South Dakota,65744
2133,South Dakota,Tennessee,246
2134,South Dakota,Texas,1078
2135,South Dakota,Utah,291
2136,South Dakota,Vermont,21
2137,South Dakota,Virginia,175
2138,South Dakota,Washington,721
2139,South Dakota,West Virginia,17
2140,South Dakota,Wisconsin,438
2141,South Dakota,Wyoming,1021
2142,Tennessee,Alabama,7269
2143,Tennessee,Alaska,576
2144,Tennessee,Arizona,1669
2145,Tennessee,Arkansas,3758
2146,Tennessee,California,7148
2147,Tennessee,Colorado,3567
2148,Tennessee,Connecticut,432
2149,Tennessee,DC,2893
2150,Tennessee,Delaware,213
2151,Tennessee,Florida,10312
2152,Tennessee,Georgia,12482
2153,Tennessee,Hawaii,730
2154,Tennessee,Idaho,290
2155,Tennessee,Illinois,3990
2156,Tennessee,Indiana,2958
2157,Tennessee,Iowa,553
2158,Tennessee,Kansas,728
2159,Tennessee,Kentucky,9365
2160,Tennessee,Louisiana,2550
2161,Tennessee,Maine,176
2162,Tennessee,Maryland,811
2163,Tennessee,Massachusetts,992
2164,Tennessee,Michigan,2359
2165,Tennessee,Minnesota,810
2166,Tennessee,Mississippi,5937
2167,Tennessee,Missouri,3187
2168,Tennessee,Montana,363
2169,Tennessee,Nebraska,473
2170,Tennessee,Nevada,933
2171,Tennessee,New Hampshire,200
2172,Tennessee,New Jersey,444
2173,Tennessee,New Mexico,589
2174,Tennessee,New York,3706
2175,Tennessee,North Carolina,7281
2176,Tennessee,North Dakota,334
2177,Tennessee,Ohio,3655
2178,Tennessee,Oklahoma,1456
2179,Tennessee,Oregon,1058
2180,Tennessee,Pennsylvania,1997
2181,Tennessee,Rhode Island,166
2182,Tennessee,South Carolina,3142
2183,Tennessee,South Dakota,201
2184,Tennessee,Tennessee,565380
2185,Tennessee,Texas,10349
2186,Tennessee,Utah,848
2187,Tennessee,Vermont,104
2188,Tennessee,Virginia,4884
2189,Tennessee,Washington,2416
2190,Tennessee,West Virginia,397
2191,Tennessee,Wisconsin,1140
2192,Tennessee,Wyoming,262
2193,Texas,Alabama,4323
2194,Texas,Alaska,2163
2195,Texas,Arizona,10036
2196,Texas,Arkansas,9534
2197,Texas,California,38653
2198,Texas,Colorado,19731
2199,Texas,Connecticut,1387
2200,Texas,DC,7968
2201,Texas,Delaware,687
2202,Texas,Florida,17299
2203,Texas,Georgia,11340
2204,Texas,Hawaii,3278
2205,Texas,Idaho,1481
2206,Texas,Illinois,8654
2207,Texas,Indiana,4199
2208,Texas,Iowa,2237
2209,Texas,Kansas,4973
2210,Texas,Kentucky,2574
2211,Texas,Louisiana,17645
2212,Texas,Maine,425
2213,Texas,Maryland,2114
2214,Texas,Massachusetts,3629
2215,Texas,Michigan,3762
2216,Texas,Minnesota,3340
2217,Texas,Mississippi,3436
2218,Texas,Missouri,8544
2219,Texas,Montana,1149
2220,Texas,Nebraska,2569
2221,Texas,Nevada,4197
2222,Texas,New Hampshire,508
2223,Texas,New Jersey,1657
2224,Texas,New Mexico,10141
2225,Texas,New York,14659
2226,Texas,North Carolina,10031
2227,Texas,North Dakota,1436
2228,Texas,Ohio,5448
2229,Texas,Oklahoma,20012
2230,Texas,Oregon,4305
2231,Texas,Pennsylvania,5078
2232,Texas,Rhode Island,495
2233,Texas,South Carolina,3065
2234,Texas,South Dakota,783
2235,Texas,Tennessee,8925
2236,Texas,Texas,2234993
2237,Texas,Utah,4548
2238,Texas,Vermont,276
2239,Texas,Virginia,7230
2240,Texas,Washington,10881
2241,Texas,West Virginia,537
2242,Texas,Wisconsin,2759
2243,Texas,Wyoming,1183
2244,Utah,Alabama,316
2245,Utah,Alaska,573
2246,Utah,Arizona,4434
2247,Utah,Arkansas,308
2248,Utah,California,7909
2249,Utah,Colorado,3664
2250,Utah,Connecticut,187
2251,Utah,DC,1056
2252,Utah,Delaware,67
2253,Utah,Florida,1390
2254,Utah,Georgia,774
2255,Utah,Hawaii,579
2256,Utah,Idaho,3737
2257,Utah,Illinois,795
2258,Utah,Indiana,506
2259,Utah,Iowa,395
2260,Utah,Kansas,360
2261,Utah,Kentucky,326
2262,Utah,Louisiana,261
2263,Utah,Maine,82
2264,Utah,Maryland,253
2265,Utah,Massachusetts,508
2266,Utah,Michigan,499
2267,Utah,Minnesota,509
2268,Utah,Mississippi,140
2269,Utah,Missouri,890
2270,Utah,Montana,743
2271,Utah,Nebraska,462
2272,Utah,Nevada,3485
2273,Utah,New Hampshire,89
2274,Utah,New Jersey,172
2275,Utah,New Mexico,680
2276,Utah,New York,1356
2277,Utah,North Carolina,986
2278,Utah,North Dakota,451
2279,Utah,Ohio,736
2280,Utah,Oklahoma,555
2281,Utah,Oregon,2305
2282,Utah,Pennsylvania,703
2283,Utah,Rhode Island,68
2284,Utah,South Carolina,325
2285,Utah,South Dakota,158
2286,Utah,Tennessee,599
2287,Utah,Texas,4240
2288,Utah,Utah,252234
2289,Utah,Vermont,91
2290,Utah,Virginia,650
2291,Utah,Washington,3480
2292,Utah,West Virginia,104
2293,Utah,Wisconsin,408
2294,Utah,Wyoming,1694
2295,Vermont,Alabama,95
2296,Vermont,Alaska,121
2297,Vermont,Arizona,358
2298,Vermont,Arkansas,41
2299,Vermont,California,1874
2300,Vermont,Colorado,1160
2301,Vermont,Connecticut,730
2302,Vermont,DC,838
2303,Vermont,Delaware,61
2304,Vermont,Florida,1473
2305,Vermont,Georgia,386
2306,Vermont,Hawaii,129
2307,Vermont,Idaho,82
2308,Vermont,Illinois,368
2309,Vermont,Indiana,115
2310,Vermont,Iowa,43
2311,Vermont,Kansas,76
2312,Vermont,Kentucky,114
2313,Vermont,Louisiana,115
2314,Vermont,Maine,900
2315,Vermont,Maryland,202
2316,Vermont,Massachusetts,4128
2317,Vermont,Michigan,189
2318,Vermont,Minnesota,137
2319,Vermont,Mississippi,38
2320,Vermont,Missouri,153
2321,Vermont,Montana,305
2322,Vermont,Nebraska,48
2323,Vermont,Nevada,132
2324,Vermont,New Hampshire,3684
2325,Vermont,New Jersey,250
2326,Vermont,New Mexico,107
2327,Vermont,New York,3044
2328,Vermont,North Carolina,1216
2329,Vermont,North Dakota,32
2330,Vermont,Ohio,263
2331,Vermont,Oklahoma,80
2332,Vermont,Oregon,463
2333,Vermont,Pennsylvania,737
2334,Vermont,Rhode Island,428
2335,Vermont,South Carolina,409
2336,Vermont,South Dakota,30
2337,Vermont,Tennessee,356
2338,Vermont,Texas,751
2339,Vermont,Utah,332
2340,Vermont,Vermont,51339
2341,Vermont,Virginia,562
2342,Vermont,Washington,553
2343,Vermont,West Virginia,29
2344,Vermont,Wisconsin,156
2345,Vermont,Wyoming,117
2346,Virginia,Alabama,1501
2347,Virginia,Alaska,607
2348,Virginia,Arizona,1635
2349,Virginia,Arkansas,609
2350,Virginia,California,8149
2351,Virginia,Colorado,3451
2352,Virginia,Connecticut,869
2353,Virginia,DC,22683
2354,Virginia,Delaware,1128
2355,Virginia,Florida,10978
2356,Virginia,Georgia,7604
2357,Virginia,Hawaii,1108
2358,Virginia,Idaho,288
2359,Virginia,Illinois,1953
2360,Virginia,Indiana,1252
2361,Virginia,Iowa,380
2362,Virginia,Kansas,645
2363,Virginia,Kentucky,1787
2364,Virginia,Louisiana,1362
2365,Virginia,Maine,317
2366,Virginia,Maryland,4034
2367,Virginia,Massachusetts,1756
2368,Virginia,Michigan,1224
2369,Virginia,Minnesota,551
2370,Virginia,Mississippi,736
2371,Virginia,Missouri,1402
2372,Virginia,Montana,303
2373,Virginia,Nebraska,379
2374,Virginia,Nevada,885
2375,Virginia,New Hampshire,315
2376,Virginia,New Jersey,1353
2377,Virginia,New Mexico,489
2378,Virginia,New York,7688
2379,Virginia,North Carolina,22917
2380,Virginia,North Dakota,252
2381,Virginia,Ohio,2962
2382,Virginia,Oklahoma,960
2383,Virginia,Oregon,955
2384,Virginia,Pennsylvania,6639
2385,Virginia,Rhode Island,335
2386,Virginia,South Carolina,4414
2387,Virginia,South Dakota,171
2388,Virginia,Tennessee,6898
2389,Virginia,Texas,7778
2390,Virginia,Utah,932
2391,Virginia,Vermont,216
2392,Virginia,Virginia,436953
2393,Virginia,Washington,2605
2394,Virginia,West Virginia,2268
2395,Virginia,Wisconsin,640
2396,Virginia,Wyoming,246
2397,Washington,Alabama,725
2398,Washington,Alaska,2715
2399,Washington,Arizona,6753
2400,Washington,Arkansas,601
2401,Washington,California,26232
2402,Washington,Colorado,5060
2403,Washington,Connecticut,477
2404,Washington,DC,2518
2405,Washington,Delaware,154
2406,Washington,Florida,3975
2407,Washington,Georgia,2293
2408,Washington,Hawaii,2398
2409,Washington,Idaho,6394
2410,Washington,Illinois,2198
2411,Washington,Indiana,954
2412,Washington,Iowa,700
2413,Washington,Kansas,780
2414,Washington,Kentucky,541
2415,Washington,Louisiana,1054
2416,Washington,Maine,177
2417,Washington,Maryland,644
2418,Washington,Massachusetts,1605
2419,Washington,Michigan,1100
2420,Washington,Minnesota,1278
2421,Washington,Mississippi,398
2422,Washington,Missouri,1703
2423,Washington,Montana,4063
2424,Washington,Nebraska,698
2425,Washington,Nevada,3307
2426,Washington,New Hampshire,242
2427,Washington,New Jersey,456
2428,Washington,New Mexico,929
2429,Washington,New York,4701
2430,Washington,North Carolina,2661
2431,Washington,North Dakota,1398
2432,Washington,Ohio,1390
2433,Washington,Oklahoma,1341
2434,Washington,Oregon,21078
2435,Washington,Pennsylvania,1556
2436,Washington,Rhode Island,196
2437,Washington,South Carolina,859
2438,Washington,South Dakota,420
2439,Washington,Tennessee,1754
2440,Washington,Texas,8781
2441,Washington,Utah,5024
2442,Washington,Vermont,162
2443,Washington,Virginia,1898
2444,Washington,Washington,502860
2445,Washington,West Virginia,92
2446,Washington,Wisconsin,1015
2447,Washington,Wyoming,890
2448,West Virginia,Alabama,233
2449,West Virginia,Alaska,109
2450,West Virginia,Arizona,281
2451,West Virginia,Arkansas,103
2452,West Virginia,California,964
2453,West Virginia,Colorado,520
2454,West Virginia,Connecticut,109
2455,West Virginia,DC,1206
2456,West Virginia,Delaware,128
2457,West Virginia,Florida,1999
2458,West Virginia,Georgia,901
2459,West Virginia,Hawaii,100
2460,West Virginia,Idaho,50
2461,West Virginia,Illinois,399
2462,West Virginia,Indiana,410
2463,West Virginia,Iowa,59
2464,West Virginia,Kansas,114
2465,West Virginia,Kentucky,3318
2466,West Virginia,Louisiana,212
2467,West Virginia,Maine,36
2468,West Virginia,Maryland,677
2469,West Virginia,Massachusetts,166
2470,West Virginia,Michigan,292
2471,West Virginia,Minnesota,111
2472,West Virginia,Mississippi,101
2473,West Virginia,Missouri,251
2474,West Virginia,Montana,80
2475,West Virginia,Nebraska,68
2476,West Virginia,Nevada,155
2477,West Virginia,New Hampshire,42
2478,West Virginia,New Jersey,129
2479,West Virginia,New Mexico,67
2480,West Virginia,New York,712
2481,West Virginia,North Carolina,2716
2482,West Virginia,North Dakota,54
2483,West Virginia,Ohio,6002
2484,West Virginia,Oklahoma,204
2485,West Virginia,Oregon,145
2486,West Virginia,Pennsylvania,3220
2487,West Virginia,Rhode Island,32
2488,West Virginia,South Carolina,1025
2489,West Virginia,South Dakota,36
2490,West Virginia,Tennessee,1031
2491,West Virginia,Texas,1190
2492,West Virginia,Utah,136
2493,West Virginia,Vermont,42
2494,West Virginia,Virginia,3269
2495,West Virginia,Washington,354
2496,West Virginia,West Virginia,107511
2497,West Virginia,Wisconsin,129
2498,West Virginia,Wyoming,70
2499,Wisconsin,Alabama,603
2500,Wisconsin,Alaska,714
2501,Wisconsin,Arizona,4251
2502,Wisconsin,Arkansas,765
2503,Wisconsin,California,9510
2504,Wisconsin,Colorado,6784
2505,Wisconsin,Connecticut,428
2506,Wisconsin,DC,2248
2507,Wisconsin,Delaware,126
2508,Wisconsin,Florida,6136
2509,Wisconsin,Georgia,2766
2510,Wisconsin,Hawaii,665
2511,Wisconsin,Idaho,395
2512,Wisconsin,Illinois,15791
2513,Wisconsin,Indiana,2387
2514,Wisconsin,Iowa,3680
2515,Wisconsin,Kansas,689
2516,Wisconsin,Kentucky,857
2517,Wisconsin,Louisiana,801
2518,Wisconsin,Maine,170
2519,Wisconsin,Maryland,574
2520,Wisconsin,Massachusetts,1401
2521,Wisconsin,Michigan,3797
2522,Wisconsin,Minnesota,25931
2523,Wisconsin,Mississippi,585
2524,Wisconsin,Missouri,2762
2525,Wisconsin,Montana,802
2526,Wisconsin,Nebraska,847
2527,Wisconsin,Nevada,1282
2528,Wisconsin,New Hampshire,182
2529,Wisconsin,New Jersey,408
2530,Wisconsin,New Mexico,544
2531,Wisconsin,New York,3733
2532,Wisconsin,North Carolina,3192
2533,Wisconsin,North Dakota,1101
2534,Wisconsin,Ohio,2199
2535,Wisconsin,Oklahoma,936
2536,Wisconsin,Oregon,2016
2537,Wisconsin,Pennsylvania,1542
2538,Wisconsin,Rhode Island,187
2539,Wisconsin,South Carolina,971
2540,Wisconsin,South Dakota,691
2541,Wisconsin,Tennessee,2838
2542,Wisconsin,Texas,7412
2543,Wisconsin,Utah,1037
2544,Wisconsin,Vermont,156
2545,Wisconsin,Virginia,1499
2546,Wisconsin,Washington,3414
2547,Wisconsin,West Virginia,114
2548,Wisconsin,Wisconsin,493760
2549,Wisconsin,Wyoming,488
2550,Wyoming,Alabama,91
2551,Wyoming,Alaska,238
2552,Wyoming,Arizona,889
2553,Wyoming,Arkansas,139
2554,Wyoming,California,1309
2555,Wyoming,Colorado,4631
2556,Wyoming,Connecticut,44
2557,Wyoming,DC,188
2558,Wyoming,Delaware,17
2559,Wyoming,Florida,475
2560,Wyoming,Georgia,244
2561,Wyoming,Hawaii,141
2562,Wyoming,Idaho,1103
2563,Wyoming,Illinois,246
2564,Wyoming,Indiana,175
2565,Wyoming,Iowa,200
2566,Wyoming,Kansas,314
2567,Wyoming,Kentucky,82
2568,Wyoming,Louisiana,139
2569,Wyoming,Maine,35
2570,Wyoming,Maryland,57
2571,Wyoming,Massachusetts,87
2572,Wyoming,Michigan,192
2573,Wyoming,Minnesota,316
2574,Wyoming,Mississippi,62
2575,Wyoming,Missouri,353
2576,Wyoming,Montana,2284
2577,Wyoming,Nebraska,1179
2578,Wyoming,Nevada,463
2579,Wyoming,New Hampshire,29
2580,Wyoming,New Jersey,32
2581,Wyoming,New Mexico,302
2582,Wyoming,New York,285
2583,Wyoming,North Carolina,258
2584,Wyoming,North Dakota,626
2585,Wyoming,Ohio,198
2586,Wyoming,Oklahoma,345
2587,Wyoming,Oregon,741
2588,Wyoming,Pennsylvania,188
2589,Wyoming,Rhode Island,20
2590,Wyoming,South Carolina,97
2591,Wyoming,South Dakota,875
2592,Wyoming,Tennessee,246
2593,Wyoming,Texas,1427
2594,Wyoming,Utah,2631
2595,Wyoming,Vermont,24
2596,Wyoming,Virginia,189
2597,Wyoming,Washington,1138
2598,Wyoming,West Virginia,33
2599,Wyoming,Wisconsin,186
2600,Wyoming,Wyoming,41806